Name,year,selling_price,km_driven,fuel,seller_type,transmission,owner,mileage,Engine_cc,Max_power_bhp,seats
BMW Summer,2019,1826801,30570,Hybrid,Individual,Automatic,Second Owner,17.28,909,121.6,2
Honda Notice,2012,683481,198885,Petrol,Dealer,Automatic,Fourth & Above Owner,23.26,2575,105.3,7
Kia More,2009,2165707,54096,Diesel,Dealer,Manual,First Owner,20.03,1248,76.7,5
Toyota Avoid,2012,2460552,103234,Hybrid,Dealer,Automatic,Third Owner,23.88,887,49.8,3
Toyota Politics,2021,1881318,86542,Petrol,Trustmark Dealer,Automatic,Second Owner,21.97,1717,81.6,4
Audi Ability,2010,477796,25788,Electric,Trustmark Dealer,Automatic,Fourth & Above Owner,14.36,1970,70.3,7
Honda Level,2017,894777,195845,Hybrid,Dealer,Manual,Third Owner,20.42,1697,47,6
Hyundai So,2020,2496327,86203,Electric,Dealer,Automatic,Second Owner,22.35,1102,60.4,3
Hyundai Push,2010,262641,22311,Hybrid,Trustmark Dealer,Automatic,Third Owner,16.87,2198,69.9,8
Toyota Decide,2007,968830,47113,Electric,Dealer,Automatic,Third Owner,17.37,1433,136.8,8
Ford Her,2008,303681,46975,Hybrid,Individual,Manual,Third Owner,23.92,1090,94.4,7
Ford Pick,2013,732353,89151,Electric,Trustmark Dealer,Automatic,First Owner,24.66,2731,146.4,5
Toyota Senior,2007,2800494,166130,Hybrid,Individual,Manual,Second Owner,13.18,2513,69.3,2
Toyota Study,2020,2704194,35459,Electric,Dealer,Automatic,First Owner,21.01,1506,116.6,4
Honda Thing,2009,1464448,131928,Electric,Trustmark Dealer,Manual,First Owner,22.26,809,69.4,8
Honda Skin,2022,285688,120748,Diesel,Individual,Automatic,Third Owner,15.3,800,46.9,5
Ford Like,2012,2430978,188613,Petrol,Trustmark Dealer,Automatic,Second Owner,24.49,1278,100.1,5
Toyota Gun,2015,1442958,126661,Hybrid,Dealer,Automatic,First Owner,17.8,1915,137.5,5
Hyundai Bad,2006,2146672,4426,Hybrid,Trustmark Dealer,Manual,Third Owner,19.88,1542,125.6,5
Kia Free,2017,1778163,117108,Diesel,Individual,Manual,Fourth & Above Owner,12.71,1053,93.5,6
Honda Back,2023,2813253,88636,Electric,Trustmark Dealer,Manual,Third Owner,12.78,1390,139.6,4
Toyota Citizen,2013,2465552,177995,Hybrid,Individual,Manual,Third Owner,13.23,2416,43.3,8
Hyundai Sometimes,2020,2940604,15542,Electric,Trustmark Dealer,Manual,First Owner,10.82,2695,56,7
Kia Represent,2014,1305733,77668,Hybrid,Individual,Manual,Second Owner,23.13,1410,62,8
Honda Treatment,2007,2814828,151079,Electric,Dealer,Automatic,First Owner,19.71,1526,62.6,4
Toyota Issue,2023,944905,33289,Electric,Dealer,Automatic,Fourth & Above Owner,14.29,2058,69.9,7
Ford Whether,2010,444554,199567,Hybrid,Trustmark Dealer,Automatic,Second Owner,14.33,1039,106.5,3
Audi Turn,2010,457233,181303,Hybrid,Individual,Manual,Second Owner,13.27,2501,43.3,5
Audi Design,2008,1616362,3999,Diesel,Dealer,Manual,Fourth & Above Owner,17.59,1108,146.8,8
Honda Recognize,2011,555458,96002,Hybrid,Dealer,Automatic,First Owner,21.21,1604,142.6,6
Honda Card,2020,1599287,123220,Diesel,Individual,Manual,First Owner,22.93,1664,102.9,4
BMW Computer,2019,1900019,161135,Electric,Individual,Manual,Second Owner,14.88,1826,126.2,2
Toyota Be,2016,2314714,37214,Petrol,Individual,Automatic,Second Owner,11.86,2619,47.3,7
Ford Environmental,2023,537208,70791,Hybrid,Individual,Manual,Fourth & Above Owner,21.09,2644,133.3,3
Ford Return,2011,2619534,122402,Electric,Individual,Manual,Fourth & Above Owner,14.62,1839,99.5,8
Honda Take,2014,1379096,26720,Petrol,Trustmark Dealer,Automatic,Fourth & Above Owner,14.35,2942,76.2,7
Kia Provide,2012,740121,89688,Diesel,Individual,Automatic,Second Owner,20.57,1051,143.4,3
Honda Me,2008,1573116,153672,Diesel,Trustmark Dealer,Automatic,Third Owner,19.88,1071,96.2,2
BMW People,2006,2759822,21626,Hybrid,Dealer,Manual,First Owner,20.55,2106,94.1,6
Audi Stop,2009,1602138,101910,Hybrid,Individual,Manual,First Owner,12.84,2028,116.1,5
Toyota Hand,2012,1757736,41725,Petrol,Dealer,Manual,First Owner,14.11,2923,115,6
BMW Like,2020,421701,6745,Petrol,Trustmark Dealer,Automatic,Second Owner,23.83,855,103,2
BMW Word,2017,2056134,182067,Hybrid,Trustmark Dealer,Manual,Fourth & Above Owner,16.14,1979,64.9,6
Ford Pretty,2014,1714008,194644,Diesel,Trustmark Dealer,Manual,First Owner,16.27,1044,77.2,6
Honda Stay,2013,2163333,105990,Diesel,Individual,Automatic,Fourth & Above Owner,18.62,1065,93.6,6
Ford Reason,2015,2872799,13196,Petrol,Dealer,Automatic,Second Owner,13.52,1747,57.7,3
Kia Direction,2008,2089596,67256,Petrol,Dealer,Automatic,First Owner,11.35,2467,130.7,3
Honda Thing,2015,846843,121690,Diesel,Dealer,Automatic,First Owner,12.81,942,62.4,3
Honda Threat,2019,1016511,47773,Hybrid,Individual,Manual,First Owner,23.91,1121,132,5
Honda Prepare,2020,479781,20503,Diesel,Individual,Manual,Fourth & Above Owner,17.48,844,97.9,8
Honda Development,2021,1209361,152977,Petrol,Dealer,Automatic,First Owner,16.05,907,69.6,2
BMW Understand,2020,1590902,75390,Hybrid,Individual,Manual,First Owner,17.97,2429,96.4,8
Toyota Move,2023,1945201,1812,Diesel,Individual,Automatic,Third Owner,22.31,1331,94.3,2
BMW Late,2016,2987045,133089,Diesel,Trustmark Dealer,Automatic,First Owner,10.36,1050,145.6,6
Audi Crime,2007,2943855,55118,Electric,Individual,Automatic,Fourth & Above Owner,15.97,1917,56.6,8
Audi Author,2011,1477976,107695,Electric,Individual,Automatic,First Owner,14.89,1007,135.3,4
Ford Kind,2007,2201424,179229,Hybrid,Trustmark Dealer,Manual,First Owner,12.58,1014,106.9,7
BMW Series,2017,1550622,199376,Diesel,Individual,Manual,Fourth & Above Owner,10.83,2649,86.4,5
Hyundai Purpose,2013,2957863,51389,Electric,Individual,Manual,Second Owner,22.22,812,134.7,4
Ford Sit,2018,1555317,150833,Diesel,Dealer,Manual,Fourth & Above Owner,18.26,2925,66.2,4
Kia Interesting,2006,996968,159797,Diesel,Individual,Manual,Second Owner,11.09,1530,108.5,6
Honda Onto,2021,2795805,183204,Electric,Dealer,Manual,Third Owner,10.82,2311,60,4
BMW Baby,2018,865337,76380,Diesel,Trustmark Dealer,Automatic,Second Owner,21.4,2123,82.5,8
Ford Somebody,2012,2756257,122011,Electric,Trustmark Dealer,Manual,Third Owner,23.7,1656,136.7,8
Toyota Radio,2011,485390,142164,Hybrid,Dealer,Manual,Second Owner,14.51,1237,120.2,2
BMW Already,2019,2790513,45767,Diesel,Dealer,Manual,Second Owner,19.31,939,41.9,7
Audi Consider,2010,550220,154913,Hybrid,Trustmark Dealer,Automatic,Second Owner,15.05,2093,44.9,7
BMW Charge,2019,434303,153412,Petrol,Individual,Manual,Third Owner,24.95,855,104.3,2
Hyundai Visit,2006,1468892,101530,Hybrid,Trustmark Dealer,Automatic,Fourth & Above Owner,20.22,817,44.7,4
Toyota Outside,2005,1123147,96844,Hybrid,Dealer,Automatic,Second Owner,11.16,2738,118.9,5
BMW Describe,2011,2141815,3816,Diesel,Trustmark Dealer,Automatic,Second Owner,22.48,2242,125.4,5
BMW According,2010,2320339,67410,Electric,Trustmark Dealer,Automatic,First Owner,16.91,2669,90.5,5
Kia Month,2010,917846,119850,Diesel,Individual,Manual,Second Owner,13.73,2157,97.8,6
Audi Serve,2016,300937,85070,Petrol,Dealer,Manual,Fourth & Above Owner,15.4,2901,88.8,7
Hyundai World,2007,1108071,130225,Hybrid,Trustmark Dealer,Manual,Fourth & Above Owner,13.17,1083,75.9,3
Audi Spend,2021,1966260,1904,Hybrid,Trustmark Dealer,Manual,First Owner,12.09,2897,102.8,3
Ford Care,2018,2439027,88396,Diesel,Individual,Manual,Fourth & Above Owner,14.95,1754,63.4,3
Kia Child,2019,246544,17845,Diesel,Dealer,Automatic,Fourth & Above Owner,18.68,2655,140.7,5
Audi Social,2011,441231,82554,Electric,Trustmark Dealer,Automatic,First Owner,14.44,2494,80.8,3
Hyundai Indicate,2016,2869297,115852,Hybrid,Trustmark Dealer,Automatic,First Owner,11.61,1943,59.5,6
Toyota Conference,2014,2189764,14330,Hybrid,Dealer,Automatic,Second Owner,23.45,2711,92.6,6
Audi Body,2008,1475415,71065,Petrol,Individual,Manual,First Owner,12.74,1314,61.4,4
Toyota White,2013,2861787,165044,Petrol,Trustmark Dealer,Automatic,Second Owner,11.94,1115,110.2,2
Honda Exist,2013,2228264,192164,Petrol,Individual,Manual,Third Owner,12.07,2990,67.3,4
BMW Suddenly,2018,2094584,53100,Hybrid,Individual,Automatic,Fourth & Above Owner,22.87,845,135.7,4
Ford Treat,2014,1280307,182231,Hybrid,Dealer,Automatic,Third Owner,16.8,1436,56.1,2
Audi Speak,2023,1375649,34440,Petrol,Trustmark Dealer,Manual,Second Owner,23.33,1826,45.9,7
Kia Necessary,2006,2686139,178831,Petrol,Individual,Manual,Fourth & Above Owner,18.1,2517,58.6,3
Audi Leg,2019,1197605,46315,Diesel,Trustmark Dealer,Automatic,Third Owner,17.68,1791,64,3
Hyundai Hear,2018,1232968,163985,Hybrid,Dealer,Automatic,Third Owner,23.05,2954,71.3,8
Ford Brother,2012,641963,91325,Hybrid,Dealer,Automatic,Third Owner,15.89,1685,113.4,8
Hyundai Already,2005,2867406,178544,Electric,Individual,Automatic,First Owner,16.51,1429,110.9,8
Toyota Team,2015,313281,90919,Hybrid,Individual,Manual,Third Owner,21.12,2093,84.6,2
Toyota Skill,2020,1206035,95250,Diesel,Dealer,Manual,Second Owner,14.7,1199,118.5,6
Toyota Ok,2017,869428,59260,Petrol,Trustmark Dealer,Manual,Second Owner,24.69,2729,148.8,4
Kia Across,2020,2806490,196144,Diesel,Trustmark Dealer,Automatic,Fourth & Above Owner,14.18,1800,48.6,8
Ford Gas,2016,2409084,119770,Diesel,Dealer,Automatic,Second Owner,17.56,1697,122.7,8
BMW Class,2017,2348554,127059,Hybrid,Trustmark Dealer,Manual,Fourth & Above Owner,22.63,1583,97.5,8
Audi Benefit,2023,493521,198120,Hybrid,Individual,Automatic,Second Owner,22.5,1688,143.8,7
Toyota Writer,2006,1081233,145964,Electric,Dealer,Automatic,First Owner,23.51,1516,125.4,4
